{
  "main": {
    "id": "a9068677847fe784",
    "type": "split",
    "children": [
      {
        "id": "2e119e5e97e427ff",
        "type": "tabs",
        "children": [
          {
            "id": "98fc07ff826b25cf",
            "type": "leaf",
            "state": {
              "type": "empty",
              "state": {},
              "icon": "lucide-file",
              "title": "Новая вкладка"
            }
          }
        ]
      }
    ],
    "direction": "vertical"
  },
  "left": {
    "id": "0e1f59c2bab5129c",
    "type": "split",
    "children": [
      {
        "id": "4edc6de8e913a720",
        "type": "tabs",
        "children": [
          {
            "id": "2d83ffcfe014db9c",
            "type": "leaf",
            "state": {
              "type": "file-explorer",
              "state": {
                "sortOrder": "byModifiedTime",
                "autoReveal": false
              },
              "icon": "lucide-folder-closed",
              "title": "Файловый менеджер"
            }
          },
          {
            "id": "eb9186b55e13d800",
            "type": "leaf",
            "state": {
              "type": "search",
              "state": {
                "query": "",
                "matchingCase": false,
                "explainSearch": false,
                "collapseAll": false,
                "extraContext": false,
                "sortOrder": "alphabetical"
              },
              "icon": "lucide-search",
              "title": "Поиск"
            }
          },
          {
            "id": "71e10cf6c66adaf4",
            "type": "leaf",
            "state": {
              "type": "bookmarks",
              "state": {},
              "icon": "lucide-bookmark",
              "title": "Закладки"
            }
          }
        ]
      }
    ],
    "direction": "horizontal",
    "width": 274.5
  },
  "right": {
    "id": "d5e71faf733d7fbe",
    "type": "split",
    "children": [
      {
        "id": "60a3e38108898be8",
        "type": "tabs",
        "children": [
          {
            "id": "164da9f39869110f",
            "type": "leaf",
            "state": {
              "type": "backlink",
              "state": {
                "file": "Welcome.md",
                "collapseAll": false,
                "extraContext": false,
                "sortOrder": "alphabetical",
                "showSearch": false,
                "searchQuery": "",
                "backlinkCollapsed": false,
                "unlinkedCollapsed": true
              },
              "icon": "links-coming-in",
              "title": "Backlinks for Welcome"
            }
          },
          {
            "id": "26a34a44935d56c7",
            "type": "leaf",
            "state": {
              "type": "outgoing-link",
              "state": {
                "file": "Welcome.md",
                "linksCollapsed": false,
                "unlinkedCollapsed": true
              },
              "icon": "links-going-out",
              "title": "Outgoing links from Welcome"
            }
          },
          {
            "id": "6d16f693b4ee5f0f",
            "type": "leaf",
            "state": {
              "type": "tag",
              "state": {
                "sortOrder": "frequency",
                "useHierarchy": true,
                "showSearch": false,
                "searchQuery": ""
              },
              "icon": "lucide-tags",
              "title": "Tags"
            }
          },
          {
            "id": "556e632290c41d89",
            "type": "leaf",
            "state": {
              "type": "outline",
              "state": {
                "file": "Welcome.md",
                "followCursor": false,
                "showSearch": false,
                "searchQuery": ""
              },
              "icon": "lucide-list",
              "title": "Outline of Welcome"
            }
          }
        ]
      }
    ],
    "direction": "horizontal",
    "width": 300,
    "collapsed": true
  },
  "left-ribbon": {
    "hiddenItems": {
      "switcher:Меню быстрого перехода": false,
      "graph:Граф": false,
      "canvas:Создать новый холст": false,
      "daily-notes:Сегодняшняя заметка": false,
      "templates:Вставить шаблон": false,
      "command-palette:Открыть палитру команд": false,
      "bases:Создать новую базу": false
    }
  },
  "active": "98fc07ff826b25cf",
  "lastOpenFiles": [
    "Начало/Переменные.md",
    "Начало/Типы данных.md",
    "Начало/Условия.md",
    "Начало/F строка.md",
    "Начало/Циклы.md",
    "Начало/Всплывающее окно.md",
    "Начало/тернарный оператор.md",
    "Методы/Методы Number().md",
    "Методы/Методы String().md",
    "Методы/Методы Массива.md",
    "Массив/Массив.md",
    "Массив/Методы Массива 1.md",
    "Коллекции/Коллекция Map.md",
    "Коллекции/Коллекция Set.md",
    "Класс/Сеттеры и Геттеры.md",
    "Класс/Создание и работа с классом.md",
    "Класс/Наследование.md",
    "Выполнение/Регулярное выполнение.md",
    "Выполнение/Отложенное выполнение.md",
    "Браузер/Dom и Bom.md",
    "Function/Function Expression.md",
    "Function/Function Declaration.md",
    "Function/Arrow Function.md",
    "События/Event Loop.md",
    "События/Браузерные события.md",
    "События/Названия событий.md",
    "Браузер/Без названия",
    "Браузер",
    "События",
    "Коллекции",
    "Выполнение",
    "Массив 1",
    "Методы",
    "Массив",
    "Начало",
    "Function"
  ]
}