{
  "workspace:goto-tab-1": [
    {
      "modifiers": [
        "Alt"
      ],
      "key": "1"
    }
  ],
  "workspace:goto-tab-2": [
    {
      "modifiers": [
        "Alt"
      ],
      "key": "2"
    }
  ],
  "workspace:goto-tab-3": [
    {
      "modifiers": [
        "Alt"
      ],
      "key": "3"
    }
  ],
  "workspace:goto-tab-4": [
    {
      "modifiers": [
        "Alt"
      ],
      "key": "4"
    }
  ],
  "workspace:goto-tab-5": [
    {
      "modifiers": [
        "Alt"
      ],
      "key": "5"
    }
  ],
  "workspace:goto-tab-6": [
    {
      "modifiers": [
        "Alt"
      ],
      "key": "6"
    }
  ],
  "workspace:goto-tab-7": [
    {
      "modifiers": [
        "Alt"
      ],
      "key": "7"
    }
  ],
  "workspace:goto-tab-8": [
    {
      "modifiers": [
        "Alt"
      ],
      "key": "8"
    }
  ],
  "workspace:goto-last-tab": [
    {
      "modifiers": [
        "Alt"
      ],
      "key": "9"
    }
  ]
}