{
  "main": {
    "id": "97b097e999793932",
    "type": "split",
    "children": [
      {
        "id": "05ad047e46344595",
        "type": "tabs",
        "children": [
          {
            "id": "52e951c12d7e0d2a",
            "type": "leaf",
            "state": {
              "type": "canvas",
              "state": {
                "file": "Django Обзор.canvas",
                "viewState": {
                  "x": -625.0435697115385,
                  "y": -168.76493242847087,
                  "zoom": -0.24692994682249678
                }
              },
              "icon": "lucide-layout-dashboard",
              "title": "Django Обзор"
            }
          },
          {
            "id": "1862376e38b98bfa",
            "type": "leaf",
            "state": {
              "type": "markdown",
              "state": {
                "file": "Templates.md",
                "mode": "source",
                "source": false
              },
              "icon": "lucide-file",
              "title": "Templates"
            }
          },
          {
            "id": "e5c0e8241cf7e716",
            "type": "leaf",
            "state": {
              "type": "graph",
              "state": {},
              "icon": "lucide-git-fork",
              "title": "Граф"
            }
          }
        ]
      }
    ],
    "direction": "vertical"
  },
  "left": {
    "id": "914c807ed52c6590",
    "type": "split",
    "children": [
      {
        "id": "9fbd03bafff0e5d0",
        "type": "tabs",
        "children": [
          {
            "id": "25a77e88eac7f56d",
            "type": "leaf",
            "state": {
              "type": "file-explorer",
              "state": {
                "sortOrder": "alphabetical",
                "autoReveal": false
              },
              "icon": "lucide-folder-closed",
              "title": "Файловый менеджер"
            }
          },
          {
            "id": "79ef2d4f44b9c6f1",
            "type": "leaf",
            "state": {
              "type": "search",
              "state": {
                "query": "",
                "matchingCase": false,
                "explainSearch": false,
                "collapseAll": false,
                "extraContext": false,
                "sortOrder": "alphabetical"
              },
              "icon": "lucide-search",
              "title": "Поиск"
            }
          },
          {
            "id": "47831d648ea816d0",
            "type": "leaf",
            "state": {
              "type": "bookmarks",
              "state": {},
              "icon": "lucide-bookmark",
              "title": "Bookmarks"
            }
          }
        ]
      }
    ],
    "direction": "horizontal",
    "width": 243.5
  },
  "right": {
    "id": "6ef16f7fe8794c73",
    "type": "split",
    "children": [
      {
        "id": "78432465ec099df4",
        "type": "tabs",
        "children": [
          {
            "id": "266cdfaf4ee4ea79",
            "type": "leaf",
            "state": {
              "type": "backlink",
              "state": {
                "file": "Создание виртального окружения.md",
                "collapseAll": false,
                "extraContext": false,
                "sortOrder": "alphabetical",
                "showSearch": false,
                "searchQuery": "",
                "backlinkCollapsed": false,
                "unlinkedCollapsed": true
              },
              "icon": "links-coming-in",
              "title": "Backlinks for Создание виртального окружения"
            }
          },
          {
            "id": "fe8be97ff70d2438",
            "type": "leaf",
            "state": {
              "type": "outgoing-link",
              "state": {
                "file": "Создание виртального окружения.md",
                "linksCollapsed": false,
                "unlinkedCollapsed": true
              },
              "icon": "links-going-out",
              "title": "Outgoing links from Создание виртального окружения"
            }
          },
          {
            "id": "74c03d5b44f78fe8",
            "type": "leaf",
            "state": {
              "type": "tag",
              "state": {
                "sortOrder": "frequency",
                "useHierarchy": true,
                "showSearch": false,
                "searchQuery": ""
              },
              "icon": "lucide-tags",
              "title": "Tags"
            }
          },
          {
            "id": "fc7ac4cfa8cc8052",
            "type": "leaf",
            "state": {
              "type": "outline",
              "state": {
                "file": "Создание виртального окружения.md",
                "followCursor": false,
                "showSearch": false,
                "searchQuery": ""
              },
              "icon": "lucide-list",
              "title": "Outline of Создание виртального окружения"
            }
          }
        ]
      }
    ],
    "direction": "horizontal",
    "width": 300,
    "collapsed": true
  },
  "left-ribbon": {
    "hiddenItems": {
      "switcher:Меню быстрого перехода": false,
      "graph:Граф": false,
      "canvas:Создать новый холст": false,
      "daily-notes:Сегодняшняя заметка": false,
      "templates:Вставить шаблон": false,
      "command-palette:Открыть палитру команд": false,
      "bases:Создать новую базу": false
    }
  },
  "active": "52e951c12d7e0d2a",
  "lastOpenFiles": [
    "Templates.md",
    "POST requests.md",
    "MTV модель.md",
    "Models.md",
    "GET requests.md",
    "Django Обзор.canvas",
    "Views.md",
    "Конвертеры.md",
    "Перенаправления.md",
    "Обработчик исключений.md",
    "Маршрутизация.md",
    "Начало работы.md",
    "2025-10-26.md",
    "Конверторы.md",
    "Welcome.md"
  ]
}